1,doing
1,does
1,"example,impact"
1,quality
2,unequals
2,"quality,heterogeneity"
2,"market,heat"
2,formation
2,"status-asymmetric,ties"
2,"venture,capital"
3,strength
3,weakness
3,numbers
3,unpacking
3,role
3,prevalence
3,diffusion
3,"reverse,mergers"
4,deploying
4,"capital,resources"
4,accentuating
4,"situational,alignment"
4,"social,capital,resources"
5,antecedents
5,consequences
5,employment
5,"asset,restructuring"
6,"salient,expectations"
6,incongruence
6,capability
6,"integrity,signals"
6,"investor,reactions"
6,"organizational,misconduct"
7,"voice,emerges"
7,develops
7,"newly,formed,supervisor-employee,dyads"
8,"technological,overlap"
8,spinouts
8,"parent,firms,affects"
8,"venture,capital,investments"
8,spinouts
8,role
8,competitive
9,trusted
9,trusted
9,right
9,fairness
9,wanted
9,received
10,"ceo,temporal,focus"
10,behavioral
10,theory
10,evidence
10,mergers
10,acquisitions
11,"too,unsafe"
11,monitor
11,"board–ceo,cognitive"
11,chair
11,shape
11,"outside,director"
11,monitoring
12,"distinguishing,voice"
12,silence
12,"unique,relationships"
12,"perceived,impact"
12,"psychological,safety"
12,burnout
13,hustle
13,empowerment
13,side-hustles
13,effects
13,full-time
13,performance
14,"resource,dependence"
14,uncertainty
14,allocation
14,activity
14,"multiple,jurisdictions"
15,unpacking
15,dependence
15,"contract,dependence,affects"
15,investments
15,"market,performance"
16,towers
16,"behavioral,consequences"
16,"positional,inconsistency"
16,"status,hierarchies"
17,"does,pay"
17,"performance,motivate,employee"
17,behavior
17,"contextual,influence"
17,"performance,subjectivity"
18,maintaining
18,ambiguity
18,protection
18,struggles
18,opacity
18,equivocality
18,absurdity
18,"sicilian,mafia"
19,legitimacy
19,different
19,"optimal,distinctiveness"
19,"crowdfunding,platforms"
20,"kin,ties"
20,performance
20,firms
20,"structural,approach"
21,authenticity
22,"authentic,self"
22,catering
22,"others,’,preferences,hinders,performance"
23,does
23,"creative,process,engagement"
23,"leader,humility"
24,wherever
24,"everyday,situations"
25,motivating
25,"social,recognition"
25,"external,validity—a,tale"
26,"behavioral,insights"
26,"preschool,programs"
26,up
26,"grow,up"
27,free-riding
28,mind
28,"interactive,effect"
28,"workday,respite,activities"
28,"employee,outcomes"
28,"affective,linkages"
29,crafting
29,"field,investigation"
29,"social,norms"
29,"eye,cues"
29,"fare,evasion"
30,"relational,strength"
31,"social,distance"
32,mock
32,nudging
32,"meat,substitutes"
33,horseshoes
33,"hand,grenades"
33,"regulatory,enforcement"
33,close
33,"potential,sanctions"
33,"fraud,deterrence"
34,present
34,"mindfulness,increases,prosocial,behavior"
35,"mission,statements"
35,"regulatory,mode,influences,workplace,discrimination"
36,"systems,work"
36,evidence
36,"auto,insurance,industry,fraud,investigations"
38,"status,incentives"
38,"status,attainment"
38,investigating
39,humility
39,"breeds,authenticity"
39,"authentic,leader,humility,shapes,follower,vulnerability"
40,simplification
40,"decision,makers"
